Spieler ;Spieltag 1;Spieltag 2;Spieltag 3;Spieltag 4;Spieltag 5;Spieltag 6;Spieltag 7;Spieltag 8;Spieltag 9;Spieltag 10;Spieltag 11;Spieltag 12;Spieltag 13;Spieltag 14;Spieltag 15;Spieltag 16;Spieltag 17;Spieltag 18;Spieltag 19;Spieltag 20;Spieltag 21;Spieltag 22;Spieltag 23;Spieltag 24;Spieltag 25;Spieltag 26;Spieltag 27;Spieltag 28;Spieltag 29;Spieltag 30;Spieltag 31;Spieltag 32;Spieltag 33;Spieltag 34;Gesamt
Gordon Winkel ;82;54;85;30;52;65;52;53;49;70;70;72;44;50;41;107;58;80;65;63;103;91;71;62;94;54;56;55;68;71;86;56;71;60;2240
Tim Kurz;46;69;105;48;84;53;76;83;34;69;57;20;56;41;34;55;52;41;46;50;81;83;69;62;84;54;85;68;79;61;71;56;52;76;2100
Ditsche;43;66;35;59;76;55;59;65;26;40;108;38;32;52;43;99;62;59;46;69;74;60;56;61;84;57;65;59;80;77;88;46;55;46;2040
Oli Nicklisch;84;97;67;44;74;59;48;45;32;60;63;38;33;42;39;71;72;20;66;53;99;65;73;51;70;51;69;58;70;70;101;80;37;46;2047
Christoph Schlegel;55;60;52;59;53;65;37;42;43;65;63;75;55;52;49;86;63;35;39;46;97;72;61;69;57;50;79;42;48;74;72;36;43;78;1972
Nico Schneider;75;60;49;18;34;68;45;52;52;51;44;43;47;24;55;92;65;73;45;46;116;71;91;50;56;49;77;52;64;68;54;27;36;97;1946
Fabian Schulz;66;74;51;30;49;24;61;71;22;48;24;42;22;68;27;53;60;49;37;55;95;58;89;61;69;36;61;70;36;36;56;52;30;88;1770
Nico Wechsel;43;34;42;68;37;36;70;76;56;36;51;47;39;54;26;83;72;18;37;41;65;54;77;49;62;39;77;33;40;65;68;46;44;39;1724
Marco Woelki;84;77;74;18;42;43;22;29;21;42;50;36;64;52;97;72;45;45;41;35;42;67;62;36;59;42;47;33;32;78;64;58;47;63;1719
;578;591;560;374;501;468;470;516;335;481;530;411;392;435;411;718;549;420;422;458;772;621;649;501;635;432;616;470;517;600;660;457;415;593;17558
;64,2;65,7;62,2;41,6;55,7;52,0;52,2;57,3;37,2;53,4;58,9;45,7;43,6;48,3;45,7;79,8;61,0;46,7;46,9;50,9;85,8;69,0;72,1;55,7;70,6;48,0;68,4;52,2;57,4;66,7;73,3;50,8;46,1;65,9;1950,888889
;;;;;;;;;;;;;;;;;;;;;;;;;;;;;;;;;;;
;;;;;;;;;;;;;;;;;;;;;;;;;;;;;;;;;;;
;;;;;;;;;;;;;;;;;;;;;;;Schnitt;24-28;;;;;;;;;;;
;;;;;;;;;;;;;;;;;;;;;;;Gordo;64,2;;;;;;;;;;;
;;;;;;;;;;;;;;;;;;;;;;;Tim;70,6;;;;;;;;;;;
;;;;;;;;;;;;;;;;;;;;;;;Ditsche;65,2;;;;;;;;;;;
;;;;;;;;;;;;;;;;;;;;;;;Oli;59,8;;;;;;;;;;;
;;;;;;;;;;;;;;;;;;;;;;;Chris;59,4;;;;;;;;;;;
;;;;;;;;;;;;;;;;;;;;;;;Schneidi;56,8;;;;;;;;;;;
;;;;;;;;;;;;;;;;;;;;;;;Fabi;59,4;;;;;;;;;;;
;;;;;;;;;;;;;;;;;;;;;;;Nico ;52;;;;;;;;;;;
;;;;;;;;;;;;;;;;;;;;;;;Marco;43,4;;;;;;;;;;;
